Tweet id,Tweet permalink,Tweet text,time,impressions,engagements,engagement rate,retweets,replies,likes,user profile clicks,url clicks,hashtag clicks,detail expands,permalink clicks,app opens,app installs,follows,email tweet,dial phone,media views,media engagements,promoted impressions,promoted engagements,promoted engagement rate,promoted retweets,promoted replies,promoted likes,promoted user profile clicks,promoted url clicks,promoted hashtag clicks,promoted detail expands,promoted permalink clicks,promoted app opens,promoted app installs,promoted follows,promoted email tweet,promoted dial phone,promoted media views,promoted media engagements
1.15553E+18,https://twitter.com/SuddenlyZen/status/1155534472206376960,Actually in that context... we could accidentally have a crisis generated... because no one thought through the consequences of their actions. HUGE RED FLAG HERE!!!@TIME https://t.co/leQ1R3EhiW,2019-07-28 17:44 +0000,40,0,0,0,0,0,0,0,0,0,0,0,0,0,0,0,0,0,-,-,-,-,-,-,-,-,-,-,-,-,-,-,-,-,-,-
1.15553E+18,https://twitter.com/SuddenlyZen/status/1155533811070849024,@MSNBC @jacobsoboroff I know it’s early... but @PeteButtigieg is the dark horse I am watching closely.  I think @davidaxelrod would appreciate my keen observation.,2019-07-28 17:41 +0000,178,5,0.028089888,0,0,4,1,0,0,0,0,0,0,0,0,0,0,0,-,-,-,-,-,-,-,-,-,-,-,-,-,-,-,-,-,-
1.15553E+18,https://twitter.com/SuddenlyZen/status/1155532697986486278,@KDTrey5 my bonus son says that you are awesome on Twitter and would reply back!!! @dusty_pretty,2019-07-28 17:37 +0000,27,0,0,0,0,0,0,0,0,0,0,0,0,0,0,0,0,0,-,-,-,-,-,-,-,-,-,-,-,-,-,-,-,-,-,-
1.15415E+18,https://twitter.com/SuddenlyZen/status/1154145989608927232,@PearlsFromMyrna AMEN TO THAT!!!  @dusty_pretty,2019-07-24 21:47 +0000,101,0,0,0,0,0,0,0,0,0,0,0,0,0,0,0,0,0,-,-,-,-,-,-,-,-,-,-,-,-,-,-,-,-,-,-
1.15388E+18,https://twitter.com/SuddenlyZen/status/1153883242161819648,@HMTabletop I would know more!!!,2019-07-24 04:22 +0000,21,1,0.047619048,0,1,0,0,0,0,0,0,0,0,0,0,0,0,0,-,-,-,-,-,-,-,-,-,-,-,-,-,-,-,-,-,-
1.15362E+18,https://twitter.com/SuddenlyZen/status/1153622458840174592,@VancityReynolds @dusty_pretty Farts didn’t wake her. But the smell of a cigarette from an open window sure did. Oh and have you seen my dog Scout? He is awesome! You would like him!,2019-07-23 11:06 +0000,27,0,0,0,0,0,0,0,0,0,0,0,0,0,0,0,0,0,-,-,-,-,-,-,-,-,-,-,-,-,-,-,-,-,-,-
1.15359E+18,https://twitter.com/SuddenlyZen/status/1153589139616350208,"@VancityReynolds Have you ever farted and wondered how the smell didn’t wake up your partner?
No reason I asked. Just popped into my head. @dusty_pretty",2019-07-23 08:54 +0000,29,0,0,0,0,0,0,0,0,0,0,0,0,0,0,0,0,0,-,-,-,-,-,-,-,-,-,-,-,-,-,-,-,-,-,-
1.1535E+18,https://twitter.com/SuddenlyZen/status/1153498348327845888,@dusty_pretty This one is for you. https://t.co/w1CH60AHJY,2019-07-23 02:53 +0000,17,0,0,0,0,0,0,0,0,0,0,0,0,0,0,0,0,0,-,-,-,-,-,-,-,-,-,-,-,-,-,-,-,-,-,-
1.1535E+18,https://twitter.com/SuddenlyZen/status/1153498168937463809,@PearlsFromMyrna Amen to that. That tells me more about someone than whether they chose under or over for how their toilet paper is rolled.,2019-07-23 02:52 +0000,218,4,0.018348624,0,0,4,0,0,0,0,0,0,0,0,0,0,0,0,-,-,-,-,-,-,-,-,-,-,-,-,-,-,-,-,-,-
1.15343E+18,https://twitter.com/SuddenlyZen/status/1153431023385899008,"@AngelaP1121 @dusty_pretty Do you remember when we were young and we knew that one day we would be writers?

Well, we knew a secret about writing.  And we were right.  About writing.

Do you remember The Secret to being phenomenal writers???  @thesecret",2019-07-22 22:26 +0000,12,0,0,0,0,0,0,0,0,0,0,0,0,0,0,0,0,0,-,-,-,-,-,-,-,-,-,-,-,-,-,-,-,-,-,-
1.15343E+18,https://twitter.com/SuddenlyZen/status/1153427747277983744,"@Forbes Scout has a guess... he says a Volcano has A LOT of CO2.  But he's a dog.  Here is Scout, BTW!!! https://t.co/meH49mopb0",2019-07-22 22:12 +0000,242,11,0.045454545,0,0,0,0,0,0,0,0,0,0,0,0,0,11,11,-,-,-,-,-,-,-,-,-,-,-,-,-,-,-,-,-,-
1.15343E+18,https://twitter.com/SuddenlyZen/status/1153427514292760576,"@HuffPost @dusty_pretty @Chas10Buttigieg @dusty_pretty @ewarren This is going to sound radical.  

But Scout wonders if maybe everyone is just tired of being told what to worry about.  

@realDonaldTrump isn't perfect.  But he reminds people that there ar",2019-07-22 22:12 +0000,119,1,0.008403361,0,0,1,0,0,0,0,0,0,0,0,0,0,0,0,-,-,-,-,-,-,-,-,-,-,-,-,-,-,-,-,-,-
1.15343E+18,https://twitter.com/SuddenlyZen/status/1153426574730911744,"Okay, everyone.  I have to go do homework now.  I trust you will all stay super awesome and keep doing a great job!",2019-07-22 22:08 +0000,75,0,0,0,0,0,0,0,0,0,0,0,0,0,0,0,0,0,-,-,-,-,-,-,-,-,-,-,-,-,-,-,-,-,-,-
1.15343E+18,https://twitter.com/SuddenlyZen/status/1153426286028607488,"@AngelaP1121 Hey, Angela Pierce!  I am able to Twitter again!  Here is my dog Scout!!!  YOU WOULD LOVE HIM.  Seriously.  He is awesome.  I taught him how to sit so he can play with his cat toy.  Also, here is a picture. https://t.co/ECy76yWGXs",2019-07-22 22:07 +0000,24,1,0.041666667,0,0,0,1,0,0,0,0,0,0,0,0,0,0,0,-,-,-,-,-,-,-,-,-,-,-,-,-,-,-,-,-,-
1.15343E+18,https://twitter.com/SuddenlyZen/status/1153425664155848704,"@PeteButtigieg @JasonKander @Chas10Buttigieg @VancityReynolds @dusty_pretty 

I am up to 15 followers.  It's a small start but I am catching up to you fast.  It helps to have Scout!!!  He is ALL AMERICAN dog!!!  He's also my service dog.  Thanks Scout! ht",2019-07-22 22:04 +0000,98,2,0.020408163,0,0,0,0,0,0,0,0,0,0,0,0,0,2,2,-,-,-,-,-,-,-,-,-,-,-,-,-,-,-,-,-,-
1.15161E+18,https://twitter.com/SuddenlyZen/status/1151606763059212288,@Alyssa_Everett @GoodGuyPete2020 @PeteButtigieg @Eminem @denicefrohman @alfranken @AJemaineClement @JohnMulaney @Lesdoggg Now this is interesting!!!,2019-07-17 21:37 +0000,106,4,0.037735849,0,0,2,0,0,0,2,0,0,0,0,0,0,0,0,-,-,-,-,-,-,-,-,-,-,-,-,-,-,-,-,-,-
1.15161E+18,https://twitter.com/SuddenlyZen/status/1151606383776653312,@GoodGuyPete2020 @PeteButtigieg @Eminem @denicefrohman My best no context #Squad 1. @dusty_pretty 2. @POTUS44 3. @tomhanks 4. @anthonyjeselnik  and include any significant others or life mates. So add @paulocoelho. Yep. #DreamTeam,2019-07-17 21:35 +0000,76,2,0.026315789,0,0,1,1,0,0,0,0,0,0,0,0,0,0,0,-,-,-,-,-,-,-,-,-,-,-,-,-,-,-,-,-,-
1.15142E+18,https://twitter.com/SuddenlyZen/status/1151415351084630016,@CryptoCobain Word.,2019-07-17 08:56 +0000,385,0,0,0,0,0,0,0,0,0,0,0,0,0,0,0,0,0,-,-,-,-,-,-,-,-,-,-,-,-,-,-,-,-,-,-
1.15141E+18,https://twitter.com/SuddenlyZen/status/1151413481872035841,@PhilJackson11 I want to meet you.  I admire the work you did with @Jumpman23 and @SHAQ and @kobebryant.  And @ScottiePippen And @dennisrodman .  So I would like to just have a cup of coffee and listen to a story.  Oh and here is scout! #SuddenlyZen,2019-07-17 08:49 +0000,70,1,0.014285714,0,0,0,1,0,0,0,0,0,0,0,0,0,0,0,-,-,-,-,-,-,-,-,-,-,-,-,-,-,-,-,-,-
1.15141E+18,https://twitter.com/SuddenlyZen/status/1151411951160852482,"@prattprattpratt @AnnaKendrick47 @azizansari @chrissyteigen @VancityReynolds @mindykaling @ConanOBrien @evilhag My money is on Aubrey Plaza.  But it could be any of you.    Right, Ryan?  And Pratt? And Mindy!!!  #SuddenlyZen",2019-07-17 08:42 +0000,208,4,0.019230769,0,0,0,4,0,0,0,0,0,0,0,0,0,0,0,-,-,-,-,-,-,-,-,-,-,-,-,-,-,-,-,-,-
1.15141E+18,https://twitter.com/SuddenlyZen/status/1151410297862680576,@TheDailyShow @LastWeekTonight @BovineMetro @SecondCityLA @amyschumer @CNN @Foxnews @DaveChappelle @MSNBC  Which one of you will be the first to figure out why #SuddenlyZen has the potential to go VERY viral.,2019-07-17 08:36 +0000,113,0,0,0,0,0,0,0,0,0,0,0,0,0,0,0,0,0,-,-,-,-,-,-,-,-,-,-,-,-,-,-,-,-,-,-
1.15141E+18,https://twitter.com/SuddenlyZen/status/1151408201859919872,"@WSJ @LastWeekTonight @HBO In case you are sad about #GameOfThronesFinale  Well, I make @LastWeekTonight my official platform for reporting.  And I have a feeling it's going to be a heck of a story.    Who do I talk to about setting up an interview?",2019-07-17 08:28 +0000,46,0,0,0,0,0,0,0,0,0,0,0,0,0,0,0,0,0,-,-,-,-,-,-,-,-,-,-,-,-,-,-,-,-,-,-
1.15141E+18,https://twitter.com/SuddenlyZen/status/1151405610136551425,@_carrienet_ OMG... PUPPY!!!,2019-07-17 08:17 +0000,33,0,0,0,0,0,0,0,0,0,0,0,0,0,0,0,0,0,-,-,-,-,-,-,-,-,-,-,-,-,-,-,-,-,-,-
1.15141E+18,https://twitter.com/SuddenlyZen/status/1151405512086265856,"@_carrienet_ BWAHAHAHAHAHAHA.... OH, THAT IS A GOOD ONE!",2019-07-17 08:17 +0000,28,0,0,0,0,0,0,0,0,0,0,0,0,0,0,0,0,0,-,-,-,-,-,-,-,-,-,-,-,-,-,-,-,-,-,-
1.15141E+18,https://twitter.com/SuddenlyZen/status/1151405189531754496,"@_carrienet_ I don't think your parts are broken at all.  And of course you will love yourself.

I sent you a few DM's.  You might want to check them out.",2019-07-17 08:16 +0000,59,0,0,0,0,0,0,0,0,0,0,0,0,0,0,0,0,0,-,-,-,-,-,-,-,-,-,-,-,-,-,-,-,-,-,-
1.15139E+18,https://twitter.com/SuddenlyZen/status/1151394509877415936,@JasonKander @JasonKander JUST KIDDING! I meant Kander. Seriously though... wings. I’ll buy. I have some questions...,2019-07-17 07:33 +0000,126,0,0,0,0,0,0,0,0,0,0,0,0,0,0,0,0,0,-,-,-,-,-,-,-,-,-,-,-,-,-,-,-,-,-,-
1.15139E+18,https://twitter.com/SuddenlyZen/status/1151393981164445696,@JasonKander I appreciate your Kandor. I mean Candor. KC isn’t that far away from me. Wanna grab some wings? I gotta warn you. Broncos fan.,2019-07-17 07:31 +0000,93,0,0,0,0,0,0,0,0,0,0,0,0,0,0,0,0,0,-,-,-,-,-,-,-,-,-,-,-,-,-,-,-,-,-,-
1.15139E+18,https://twitter.com/SuddenlyZen/status/1151393390728081408,@seanhannity I challenged @seanhannity to a silent contest. Whomever stayed silent longer on live TV wins! I am betting on me!!!!,2019-07-17 07:29 +0000,43,1,0.023255814,0,0,1,0,0,0,0,0,0,0,0,0,0,0,0,-,-,-,-,-,-,-,-,-,-,-,-,-,-,-,-,-,-
1.15139E+18,https://twitter.com/SuddenlyZen/status/1151393056702156800,@RobertFoster4MS Dude... oh my. It might be better he PTSD... but I actually think you have no idea how bad this sounds to a lot of Americans.,2019-07-17 07:27 +0000,67,0,0,0,0,0,0,0,0,0,0,0,0,0,0,0,0,0,-,-,-,-,-,-,-,-,-,-,-,-,-,-,-,-,-,-
1.15139E+18,https://twitter.com/SuddenlyZen/status/1151392594166865920,@dusty_pretty So. Yeah. It’s apparently you and me and all of Twitter. But the important part is that it’s still you and me. I love you. Sleep well. And I can’t wait to talk to you in the morning.,2019-07-17 07:26 +0000,55,1,0.018181818,0,0,1,0,0,0,0,0,0,0,0,0,0,0,0,-,-,-,-,-,-,-,-,-,-,-,-,-,-,-,-,-,-
1.15139E+18,https://twitter.com/SuddenlyZen/status/1151392050845122560,@dusty_pretty I am so scared sometimes. And having feelings and emotions is often too much. It hurts and it’s confusing.,2019-07-17 07:23 +0000,47,1,0.021276596,0,0,1,0,0,0,0,0,0,0,0,0,0,0,0,-,-,-,-,-,-,-,-,-,-,-,-,-,-,-,-,-,-
1.15139E+18,https://twitter.com/SuddenlyZen/status/1151391669528358912,@dusty_pretty Also... I might be crying for the first time in I don’t know how long. You know. The PTSD thing is what kept me from being able to cry.,2019-07-17 07:22 +0000,52,1,0.019230769,0,0,1,0,0,0,0,0,0,0,0,0,0,0,0,-,-,-,-,-,-,-,-,-,-,-,-,-,-,-,-,-,-
1.15139E+18,https://twitter.com/SuddenlyZen/status/1151391306813329409,@dusty_pretty You are the Juliet to my Romeo.  The @MichelleObama to my @POTUS44. You are my best friend and my soulmate. Thank you for being the most amazing woman I ever met.,2019-07-17 07:20 +0000,45,1,0.022222222,0,0,1,0,0,0,0,0,0,0,0,0,0,0,0,-,-,-,-,-,-,-,-,-,-,-,-,-,-,-,-,-,-
1.15136E+18,https://twitter.com/SuddenlyZen/status/1151359948351143937,Wow... that conspiracy sounds pretty convincing to me!  I mean it’s totally obvious to me now! I have to remember this. The FBI IS the deep state! Got it! https://t.co/z3CJ7xtBsQ,2019-07-17 05:16 +0000,190,1,0.005263158,0,0,1,0,0,0,0,0,0,0,0,0,0,0,0,-,-,-,-,-,-,-,-,-,-,-,-,-,-,-,-,-,-
1.15136E+18,https://twitter.com/SuddenlyZen/status/1151359088699199488,"@GOPLeader Hahahaha... Mom, Nancy BROKE the RULES and needs a TIMEOUT!  Classic!  Also, we want more juice boxes. Libtard shenanigans. https://t.co/CUU4ZYEEBC",2019-07-17 05:12 +0000,61,0,0,0,0,0,0,0,0,0,0,0,0,0,0,0,0,0,-,-,-,-,-,-,-,-,-,-,-,-,-,-,-,-,-,-
1.15136E+18,https://twitter.com/SuddenlyZen/status/1151357920027660288,@EsqRyanjohnson I already challenged @seanhannity to a listening contest. So can that be an option as well?  Good work! MOTION APPROVED!!!,2019-07-17 05:08 +0000,110,0,0,0,0,0,0,0,0,0,0,0,0,0,0,0,0,0,-,-,-,-,-,-,-,-,-,-,-,-,-,-,-,-,-,-
1.15136E+18,https://twitter.com/SuddenlyZen/status/1151357401460662273,So you clearly think that shorts follow shorts which then follow shorts. That’s the short version of the shorts. I need new shorts. https://t.co/1I2YSoPtTy,2019-07-17 05:06 +0000,181,0,0,0,0,0,0,0,0,0,0,0,0,0,0,0,0,0,-,-,-,-,-,-,-,-,-,-,-,-,-,-,-,-,-,-
1.15136E+18,https://twitter.com/SuddenlyZen/status/1151356798512689152,@charliekirk11 Maybe words matter. And they should be kinder to the other side.  I hear you loud and clear!!! https://t.co/rhRDJA7sQG,2019-07-17 05:03 +0000,49,0,0,0,0,0,0,0,0,0,0,0,0,0,0,0,0,0,-,-,-,-,-,-,-,-,-,-,-,-,-,-,-,-,-,-
1.15136E+18,https://twitter.com/SuddenlyZen/status/1151356127247925248,@steph93065 I think I understand what you are saying! And you might be right!,2019-07-17 05:01 +0000,41,0,0,0,0,0,0,0,0,0,0,0,0,0,0,0,0,0,-,-,-,-,-,-,-,-,-,-,-,-,-,-,-,-,-,-
1.15136E+18,https://twitter.com/SuddenlyZen/status/1151355640909979648,Thanks for bringing this to my attention!!! https://t.co/53trA9ZVxq,2019-07-17 04:59 +0000,157,0,0,0,0,0,0,0,0,0,0,0,0,0,0,0,0,0,-,-,-,-,-,-,-,-,-,-,-,-,-,-,-,-,-,-
1.15136E+18,https://twitter.com/SuddenlyZen/status/1151355518226558976,Dang! That looks all official and legal and everything. I think you have a chance @zooko https://t.co/OCRQGi9GFJ,2019-07-17 04:58 +0000,162,0,0,0,0,0,0,0,0,0,0,0,0,0,0,0,0,0,-,-,-,-,-,-,-,-,-,-,-,-,-,-,-,-,-,-
1.15124E+18,https://twitter.com/SuddenlyZen/status/1151239328690888705,@AOC @PeteButtigieg @Chas10Buttigieg @JoeBiden @BernieSanders @realDonaldTrump @VP @POTUS @CNN @jasonkander @RobertFoster4MS @foxnews @msnbc @srsilverstein So Jason... you have my vote.  I know you cared enough and liked me enough to say a kind word to me,2019-07-16 21:16 +0000,200,1,0.005,0,0,0,1,0,0,0,0,0,0,0,0,0,0,0,-,-,-,-,-,-,-,-,-,-,-,-,-,-,-,-,-,-
1.15124E+18,https://twitter.com/SuddenlyZen/status/1151239203360890880,@AOC @PeteButtigieg @Chas10Buttigieg @JoeBiden @BernieSanders @realDonaldTrump @VP @POTUS @CNN @jasonkander @RobertFoster4MS @foxnews @msnbc @srsilverstein Only one person actually talked back to me like I was a person.  And that was Jason Kander.,2019-07-16 21:16 +0000,179,0,0,0,0,0,0,0,0,0,0,0,0,0,0,0,0,0,-,-,-,-,-,-,-,-,-,-,-,-,-,-,-,-,-,-
1.15124E+18,https://twitter.com/SuddenlyZen/status/1151239071039021057,@AOC @PeteButtigieg @Chas10Buttigieg @JoeBiden @BernieSanders @realDonaldTrump @VP @POTUS @CNN @jasonkander @RobertFoster4MS @foxnews @msnbc @srsilverstein 14 months lost.  Due to a paper error.  That wasn't my fault.  I talked about being homeless and be,2019-07-16 21:15 +0000,200,0,0,0,0,0,0,0,0,0,0,0,0,0,0,0,0,0,-,-,-,-,-,-,-,-,-,-,-,-,-,-,-,-,-,-
1.15124E+18,https://twitter.com/SuddenlyZen/status/1151238942450040834,@AOC @PeteButtigieg @Chas10Buttigieg @JoeBiden @BernieSanders @realDonaldTrump @VP @POTUS @CNN @jasonkander @RobertFoster4MS @foxnews @msnbc @srsilverstein I told the whole world about my PTSD.  My suicide attempt.  How my disability claim was lost.  And ,2019-07-16 21:15 +0000,180,0,0,0,0,0,0,0,0,0,0,0,0,0,0,0,0,0,-,-,-,-,-,-,-,-,-,-,-,-,-,-,-,-,-,-
1.15124E+18,https://twitter.com/SuddenlyZen/status/1151238778897350656,@AOC @PeteButtigieg @Chas10Buttigieg @JoeBiden @BernieSanders @realDonaldTrump @VP @POTUS @CNN @jasonkander @RobertFoster4MS @foxnews @msnbc @srsilverstein Sorry if this was more than one question.  I just needed to vent.  And I've done the analysis.,2019-07-16 21:14 +0000,137,1,0.00729927,0,0,0,1,0,0,0,0,0,0,0,0,0,0,0,-,-,-,-,-,-,-,-,-,-,-,-,-,-,-,-,-,-
1.15124E+18,https://twitter.com/SuddenlyZen/status/1151238582981386240,@AOC @PeteButtigieg @Chas10Buttigieg @JoeBiden @BernieSanders @realDonaldTrump @VP @POTUS @CNN @jasonkander @RobertFoster4MS @foxnews @msnbc @srsilverstein How can we trust the government if all you talk about is how untrustworthy the other side is?,2019-07-16 21:14 +0000,140,1,0.007142857,0,0,0,1,0,0,0,0,0,0,0,0,0,0,0,-,-,-,-,-,-,-,-,-,-,-,-,-,-,-,-,-,-
1.15124E+18,https://twitter.com/SuddenlyZen/status/1151238466992128000,"@AOC @PeteButtigieg @Chas10Buttigieg @JoeBiden @BernieSanders @realDonaldTrump @VP @POTUS @CNN @jasonkander @RobertFoster4MS @foxnews @msnbc @srsilverstein Oh, and start being nicer to each other.  People like me get scared when people in power speak evil",2019-07-16 21:13 +0000,125,0,0,0,0,0,0,0,0,0,0,0,0,0,0,0,0,0,-,-,-,-,-,-,-,-,-,-,-,-,-,-,-,-,-,-
1.15124E+18,https://twitter.com/SuddenlyZen/status/1151238297135378432,@AOC @PeteButtigieg @Chas10Buttigieg @JoeBiden @BernieSanders @realDonaldTrump @VP @POTUS @CNN @jasonkander @RobertFoster4MS @foxnews @msnbc @srsilverstein Tell us that you won't send our young adults to war unless we absolutely have to.  That you care ab,2019-07-16 21:12 +0000,125,7,0.056,0,1,0,4,0,0,2,0,0,0,0,0,0,0,0,-,-,-,-,-,-,-,-,-,-,-,-,-,-,-,-,-,-
1.15124E+18,https://twitter.com/SuddenlyZen/status/1151238086375854081,@AOC @PeteButtigieg @Chas10Buttigieg @JoeBiden @BernieSanders @realDonaldTrump @VP @POTUS @CNN @jasonkander @RobertFoster4MS @foxnews @msnbc @srsilverstein Forget wars.  Tell us how you will help our soldiers and sailors and airmen and marines deal with i,2019-07-16 21:12 +0000,131,0,0,0,0,0,0,0,0,0,0,0,0,0,0,0,0,0,-,-,-,-,-,-,-,-,-,-,-,-,-,-,-,-,-,-
1.15124E+18,https://twitter.com/SuddenlyZen/status/1151237707990855681,@AOC @PeteButtigieg @Chas10Buttigieg @JoeBiden @BernieSanders @realDonaldTrump @VP @POTUS @CNN @jasonkander @RobertFoster4MS @foxnews @msnbc @srsilverstein Instead of Ativan or Depakote... can the VA prescribe this to us?  And what about homeless veterans,2019-07-16 21:10 +0000,136,2,0.014705882,0,0,0,1,0,0,1,0,0,0,0,0,0,0,0,-,-,-,-,-,-,-,-,-,-,-,-,-,-,-,-,-,-
1.15124E+18,https://twitter.com/SuddenlyZen/status/1151237352087384064,"@AOC @PeteButtigieg @Chas10Buttigieg @JoeBiden @BernieSanders @realDonaldTrump @VP @POTUS @CNN @jasonkander @RobertFoster4MS @foxnews @msnbc @srsilverstein Dear Candidates. As Veteran with PTSD, 1:1 CBD to THC has helped immensely.  I am learning to trust",2019-07-16 21:09 +0000,142,1,0.007042254,0,0,0,1,0,0,0,0,0,0,0,0,0,0,0,-,-,-,-,-,-,-,-,-,-,-,-,-,-,-,-,-,-
1.15119E+18,https://twitter.com/SuddenlyZen/status/1151194893840048128,@TimRyan Happy Birthday!!! @Lis_Smith https://t.co/djsvgCE4UA,2019-07-16 18:20 +0000,62,1,0.016129032,0,0,1,0,0,0,0,0,0,0,0,0,0,0,0,-,-,-,-,-,-,-,-,-,-,-,-,-,-,-,-,-,-
1.15119E+18,https://twitter.com/SuddenlyZen/status/1151194668031336448,I don’t always agree with @senatemajldr. But I think we could all use more civility in our political discourse. @MSNBC https://t.co/ouE07N1unQ,2019-07-16 18:19 +0000,220,0,0,0,0,0,0,0,0,0,0,0,0,0,0,0,0,0,-,-,-,-,-,-,-,-,-,-,-,-,-,-,-,-,-,-
1.15119E+18,https://twitter.com/SuddenlyZen/status/1151191381404028928,@savvygrimm @PeteButtigieg I want to know how to work for Pete!!!,2019-07-16 18:06 +0000,468,14,0.02991453,0,1,8,5,0,0,0,0,0,0,0,0,0,0,0,-,-,-,-,-,-,-,-,-,-,-,-,-,-,-,-,-,-
1.15119E+18,https://twitter.com/SuddenlyZen/status/1151191188826759168,Hahahaha https://t.co/q5Pl9xPH8T,2019-07-16 18:05 +0000,200,0,0,0,0,0,0,0,0,0,0,0,0,0,0,0,0,0,-,-,-,-,-,-,-,-,-,-,-,-,-,-,-,-,-,-
1.15103E+18,https://twitter.com/SuddenlyZen/status/1151031365225373699,Stephen Colbert is a national treasure!!! https://t.co/OX5HNZfV2x,2019-07-16 07:30 +0000,213,0,0,0,0,0,0,0,0,0,0,0,0,0,0,0,0,0,-,-,-,-,-,-,-,-,-,-,-,-,-,-,-,-,-,-
1.15103E+18,https://twitter.com/SuddenlyZen/status/1151030644660736000,I respect both @realDonaldTrump and @AOC. What I truly would love is to see you both work together to better our country instead of tearing each other down. https://t.co/s7IuWc3GjU,2019-07-16 07:27 +0000,243,0,0,0,0,0,0,0,0,0,0,0,0,0,0,0,0,0,-,-,-,-,-,-,-,-,-,-,-,-,-,-,-,-,-,-
1.15103E+18,https://twitter.com/SuddenlyZen/status/1151028533596053505,Filling Jon Stewart’s shoes was a tall order. @Trevornoah has done a better job than I could ever hope to do! https://t.co/4T5Bki53a8,2019-07-16 07:19 +0000,234,0,0,0,0,0,0,0,0,0,0,0,0,0,0,0,0,0,-,-,-,-,-,-,-,-,-,-,-,-,-,-,-,-,-,-
1.15103E+18,https://twitter.com/SuddenlyZen/status/1151027569845628933,No. Just no. I didn’t serve my country to tell people they can leave if they don’t like it. I served to protect and defend ALL citizens. Regardless if I agreed with them. https://t.co/yDlCEu8gd8,2019-07-16 07:15 +0000,221,1,0.004524887,0,0,1,0,0,0,0,0,0,0,0,0,0,0,0,-,-,-,-,-,-,-,-,-,-,-,-,-,-,-,-,-,-
1.15103E+18,https://twitter.com/SuddenlyZen/status/1151027055913385984,Well for the ultra rich. But for us average people... the struggle is real. Replacing the alligators is not draining the swamp. #WhyYouWereElected https://t.co/sbHU2mAiKj,2019-07-16 07:13 +0000,186,0,0,0,0,0,0,0,0,0,0,0,0,0,0,0,0,0,-,-,-,-,-,-,-,-,-,-,-,-,-,-,-,-,-,-
1.15103E+18,https://twitter.com/SuddenlyZen/status/1151026241396285440,Steal a recipe from them for me! https://t.co/gvjrfILQrS,2019-07-16 07:10 +0000,163,0,0,0,0,0,0,0,0,0,0,0,0,0,0,0,0,0,-,-,-,-,-,-,-,-,-,-,-,-,-,-,-,-,-,-
1.15103E+18,https://twitter.com/SuddenlyZen/status/1151025676176130050,Hey @HuffPost. I get frustrated when @realDonaldTrump says polarizing things that belittle people who are actually trying to do good. The reality is that he is still @POTUS. It is okay to disagree. But respect that he was voted president. https://t.co/JcJtFmmzpZ,2019-07-16 07:08 +0000,200,0,0,0,0,0,0,0,0,0,0,0,0,0,0,0,0,0,-,-,-,-,-,-,-,-,-,-,-,-,-,-,-,-,-,-
1.15102E+18,https://twitter.com/SuddenlyZen/status/1151023779117592581,Super frustrated by @RudyGiuliani right now. He did an amazing job of unifying our country after 9/11. Kudos for that. So why is he polarizing and politicizing American Values now?,2019-07-16 07:00 +0000,176,0,0,0,0,0,0,0,0,0,0,0,0,0,0,0,0,0,-,-,-,-,-,-,-,-,-,-,-,-,-,-,-,-,-,-
1.15102E+18,https://twitter.com/SuddenlyZen/status/1151020921966120960,Right? https://t.co/uvfULmfJzR,2019-07-16 06:49 +0000,168,0,0,0,0,0,0,0,0,0,0,0,0,0,0,0,0,0,-,-,-,-,-,-,-,-,-,-,-,-,-,-,-,-,-,-
1.151E+18,https://twitter.com/SuddenlyZen/status/1151003650078081024,Okay twitter.  I bid you all a wonderful night and tomorrow we pick up on our journey.  @realDonaldTrump @PeteButtigieg @Chas10Buttigieg @AOC I wish you a night of rest.  Tomorrow is a big day.  Sleep tight.,2019-07-16 05:40 +0000,236,2,0.008474576,0,0,1,1,0,0,0,0,0,0,0,0,0,0,0,-,-,-,-,-,-,-,-,-,-,-,-,-,-,-,-,-,-
1.1509E+18,https://twitter.com/SuddenlyZen/status/1150899731838590976,"I agree, whole heartedly!!! https://t.co/qL37MrzNRz",2019-07-15 22:47 +0000,512,1,0.001953125,0,0,1,0,0,0,0,0,0,0,0,0,0,0,0,-,-,-,-,-,-,-,-,-,-,-,-,-,-,-,-,-,-
1.15089E+18,https://twitter.com/SuddenlyZen/status/1150886965211877377,That's it?  Where's my wallet? https://t.co/ugDvy386ff,2019-07-15 21:56 +0000,76,0,0,0,0,0,0,0,0,0,0,0,0,0,0,0,0,0,-,-,-,-,-,-,-,-,-,-,-,-,-,-,-,-,-,-
1.15089E+18,https://twitter.com/SuddenlyZen/status/1150885235820654592,@senschumer I 100% agree that the 9/11 first responders were heroes!  Jon Stewart was brilliant on this one! https://t.co/eEnbdfCwaK,2019-07-15 21:49 +0000,19,0,0,0,0,0,0,0,0,0,0,0,0,0,0,0,0,0,-,-,-,-,-,-,-,-,-,-,-,-,-,-,-,-,-,-
1.15087E+18,https://twitter.com/SuddenlyZen/status/1150874340759465984,@PeteButtigieg @Chas10Buttigieg I just wanted to say that I think you are doing a great job!  I believe in your campaign. And I would love to interview to be a part of it!,2019-07-15 21:06 +0000,44,0,0,0,0,0,0,0,0,0,0,0,0,0,0,0,0,0,-,-,-,-,-,-,-,-,-,-,-,-,-,-,-,-,-,-
1.15087E+18,https://twitter.com/SuddenlyZen/status/1150873947845455872,@realDonaldTrump I forgot to tell you... I respect that you are trying your best to Make America Great Again. I may differ on what that looks like. But I appreciate your effort!!!,2019-07-15 21:05 +0000,21,1,0.047619048,0,0,0,1,0,0,0,0,0,0,0,0,0,0,0,-,-,-,-,-,-,-,-,-,-,-,-,-,-,-,-,-,-
1.15087E+18,https://twitter.com/SuddenlyZen/status/1150873407216443392,Just my 2 cents. But maybe treat them with respect.  Those “radical Congresswomen” are still people. Just like @realDonaldTrump.  I applaud them for their service to our country. And kudos for respecting your wife. https://t.co/NNdx1RyEnH,2019-07-15 21:02 +0000,114,0,0,0,0,0,0,0,0,0,0,0,0,0,0,0,0,0,-,-,-,-,-,-,-,-,-,-,-,-,-,-,-,-,-,-
1.15087E+18,https://twitter.com/SuddenlyZen/status/1150872519835963397,Hi https://t.co/z5I234GLQe,2019-07-15 20:59 +0000,76,0,0,0,0,0,0,0,0,0,0,0,0,0,0,0,0,0,-,-,-,-,-,-,-,-,-,-,-,-,-,-,-,-,-,-
1.15078E+18,https://twitter.com/SuddenlyZen/status/1150779922090037248,"@AOC @PeteButtigieg @Chas10Buttigieg Anyway, thank you.  Thank you for your service to our great country.  And I sincerely would like to work for you one day.  Well, Scout and I.  Because we are a package deal.  God Bless and Good Luck today!!!",2019-07-15 14:51 +0000,41,0,0,0,0,0,0,0,0,0,0,0,0,0,0,0,0,0,-,-,-,-,-,-,-,-,-,-,-,-,-,-,-,-,-,-
1.15078E+18,https://twitter.com/SuddenlyZen/status/1150779687905271809,@AOC @PeteButtigieg @Chas10Buttigieg Watching your @netflix special reminded me that despite my disability... I have a lot of wisdom that I bring to the table.  And that my core values and beliefs are strong enough to carry me to doing something good!,2019-07-15 14:50 +0000,73,0,0,0,0,0,0,0,0,0,0,0,0,0,0,0,0,0,-,-,-,-,-,-,-,-,-,-,-,-,-,-,-,-,-,-
1.15078E+18,https://twitter.com/SuddenlyZen/status/1150779419570520064,@AOC @PeteButtigieg @Chas10Buttigieg I had a strong hunch that @realDonaldTrump was going to become the next @POTUS because he had tapped into what America was feeling and that's why he won the election.,2019-07-15 14:49 +0000,47,0,0,0,0,0,0,0,0,0,0,0,0,0,0,0,0,0,-,-,-,-,-,-,-,-,-,-,-,-,-,-,-,-,-,-
1.15078E+18,https://twitter.com/SuddenlyZen/status/1150778935459758081,@AOC @PeteButtigieg @Chas10Buttigieg Did you know that I knew it was Osama Bin Laden who was behind the terrorist attacks on 9/11?  Because I took a class @UNLincoln on terrorism the summer before the attack.,2019-07-15 14:47 +0000,85,0,0,0,0,0,0,0,0,0,0,0,0,0,0,0,0,0,-,-,-,-,-,-,-,-,-,-,-,-,-,-,-,-,-,-
1.15078E+18,https://twitter.com/SuddenlyZen/status/1150778553140596738,"@AOC Can I tell you something, I watched your @netflix special and I sincerely admire you.  It reminded me that when I am my authentic self ... I have some pretty amazing qualities.  That's why I applied to work with @PeteButtigieg and @Chas10Buttigieg",2019-07-15 14:46 +0000,57,2,0.035087719,0,0,0,0,0,0,2,0,0,0,0,0,0,0,0,-,-,-,-,-,-,-,-,-,-,-,-,-,-,-,-,-,-
1.15078E+18,https://twitter.com/SuddenlyZen/status/1150777957125779458,"Hey, @BBCWorld Thank you for bringing this up.  @POTUS @realDonaldTrump means well.  I truly believe him when he says he feels attacked.  Because he is attacked.  But maybe if @AOC was just a tiny bit nicer to him.  He would respond in a more positive way. https://t.co/nFFqgH919z",2019-07-15 14:43 +0000,108,2,0.018518519,0,0,0,0,0,0,2,0,0,0,0,0,0,0,0,-,-,-,-,-,-,-,-,-,-,-,-,-,-,-,-,-,-
1.15077E+18,https://twitter.com/SuddenlyZen/status/1150772670113300480,"I actually try to listen first. Because usually people just need to be heard.
 And my best listening self... I ask interesting questions so that I really understand!
That is Scout and my super power... we are the best listeners ever. Ask @PeteButtigieg and @Chas10Buttigieg https://t.co/NjePFqq9vB",2019-07-15 14:22 +0000,371,1,0.002695418,0,0,1,0,0,0,0,0,0,0,0,0,0,0,0,-,-,-,-,-,-,-,-,-,-,-,-,-,-,-,-,-,-
1.15077E+18,https://twitter.com/SuddenlyZen/status/1150769828900114432,@Chas10Buttigieg @PeteButtigieg Scout and I have chosen to be bold and dream big as well! #TeamPete #ChangeTheChannel #TrueCourage https://t.co/YeR0ZUztij,2019-07-15 14:11 +0000,93,1,0.010752688,0,0,1,0,0,0,0,0,0,0,0,0,0,0,0,-,-,-,-,-,-,-,-,-,-,-,-,-,-,-,-,-,-
1.15077E+18,https://twitter.com/SuddenlyZen/status/1150768666067083264,"@Chas10Buttigieg @PeteButtigieg Scout and I are on board with this!
We promise that we will be the best hire possible! https://t.co/YeR0ZUztij",2019-07-15 14:06 +0000,64,1,0.015625,0,0,1,0,0,0,0,0,0,0,0,0,0,0,0,-,-,-,-,-,-,-,-,-,-,-,-,-,-,-,-,-,-
1.15059E+18,https://twitter.com/SuddenlyZen/status/1150591089503399936,"Hey @MichelleObama    @AOC @RepAOC @amyschumer... @dusty_pretty is one of the funniest, most loving and kind hearted person you could meet. And she adores the 3 of you. Any chance one of you can give her a shout out? Thanks!!!",2019-07-15 02:21 +0000,95,1,0.010526316,0,0,1,0,0,0,0,0,0,0,0,0,0,0,0,-,-,-,-,-,-,-,-,-,-,-,-,-,-,-,-,-,-
1.15059E+18,https://twitter.com/SuddenlyZen/status/1150587661985304576,"Know that I am quirky. But when we speak @AOC and @michelleobama, we should be discussing our founding mothers! Because there were a lot of courageous women who helped build America. #TrueCourage https://t.co/N413EVnqYQ",2019-07-15 02:07 +0000,133,2,0.015037594,0,1,0,0,0,1,0,0,0,0,0,0,0,0,0,-,-,-,-,-,-,-,-,-,-,-,-,-,-,-,-,-,-
1.15059E+18,https://twitter.com/SuddenlyZen/status/1150586794926198784,Chasten... I admire your courage.  I was afraid I being honest with myself regarding my PTSD for fear of the same.  #TrueCourage https://t.co/BVtoYdMzSl,2019-07-15 02:04 +0000,108,2,0.018518519,0,0,0,1,0,1,0,0,0,0,0,0,0,0,0,-,-,-,-,-,-,-,-,-,-,-,-,-,-,-,-,-,-
1.15006E+18,https://twitter.com/SuddenlyZen/status/1150062793095122944,No Kidding!!!  And we have less time than ever to do it! https://t.co/c05270g06b,2019-07-13 15:21 +0000,14,1,0.071428571,0,0,1,0,0,0,0,0,0,0,0,0,0,0,0,-,-,-,-,-,-,-,-,-,-,-,-,-,-,-,-,-,-
1.15005E+18,https://twitter.com/SuddenlyZen/status/1150054881853444096,It’s not your values that is the issue. It’s the whole self righteous and holier than thou thing that turned me off. I support your marriage vows. But disappointed in the liberal bashing. https://t.co/iBnCSa1wgy,2019-07-13 14:50 +0000,81,0,0,0,0,0,0,0,0,0,0,0,0,0,0,0,0,0,-,-,-,-,-,-,-,-,-,-,-,-,-,-,-,-,-,-
1.15005E+18,https://twitter.com/SuddenlyZen/status/1150050722970398720,"@RobertFoster4MS I looked and yes, 57.9% of MS voters picked Trump. But this is a golden opportunity to reach the 43.1% who didn’t. Be different. Represent all MS and not just the ones who  #MTMR",2019-07-13 14:33 +0000,157,3,0.01910828,0,0,0,1,0,0,2,0,0,0,0,0,0,0,0,-,-,-,-,-,-,-,-,-,-,-,-,-,-,-,-,-,-
1.15005E+18,https://twitter.com/SuddenlyZen/status/1150049412367843329,"@RobertFoster4MS Hey, I get that you are feeling good about #MTMR and being famous for a news cycle. But try to be kind. A lot of people look up to you. And leadership is important.",2019-07-13 14:28 +0000,175,1,0.005714286,0,0,1,0,0,0,0,0,0,0,0,0,0,0,0,-,-,-,-,-,-,-,-,-,-,-,-,-,-,-,-,-,-
1.14979E+18,https://twitter.com/SuddenlyZen/status/1149785274068504576,"@RobertFoster4MS I am a LIBERAL. I also a father, a veteran and an American. I also hope to one day get married. Again. And I respect that you put your marriage vows first.  Kudos.",2019-07-12 20:59 +0000,20,0,0,0,0,0,0,0,0,0,0,0,0,0,0,0,0,0,-,-,-,-,-,-,-,-,-,-,-,-,-,-,-,-,-,-
1.14955E+18,https://twitter.com/SuddenlyZen/status/1149551656079486981,I agree!!! https://t.co/7TUnRQB6Tu,2019-07-12 05:30 +0000,68,0,0,0,0,0,0,0,0,0,0,0,0,0,0,0,0,0,-,-,-,-,-,-,-,-,-,-,-,-,-,-,-,-,-,-
1.14938E+18,https://twitter.com/SuddenlyZen/status/1149380378299207680,"I think this photo is a #banksy.

Also, change is very scary but SO worth it if done mindfully. https://t.co/2sgCmmZ47h",2019-07-11 18:10 +0000,82,2,0.024390244,0,0,0,0,2,0,0,0,0,0,0,0,0,0,0,-,-,-,-,-,-,-,-,-,-,-,-,-,-,-,-,-,-
1.14937E+18,https://twitter.com/SuddenlyZen/status/1149373887504740352,I agree.  #BlackLivesMatter.  I also believe that #bluelivesmatter.  All lives matter.  #AllLivesMatter .  @PeteButtigieg @Chas10Buttigieg I believe in you.  I also believe in the rest of the candidates! https://t.co/pk60yKGbeH,2019-07-11 17:44 +0000,123,2,0.016260163,0,0,0,0,0,0,2,0,0,0,0,0,0,0,0,-,-,-,-,-,-,-,-,-,-,-,-,-,-,-,-,-,-
1.14937E+18,https://twitter.com/SuddenlyZen/status/1149373223731003392,"I did this.  Well, this and a lot of things.  But I chose to be the me that wasn't stuck on survive.  I chose to live my life.  And yes, listen to the counsel of others.  But ultimately, my choice.  And I also own the results.  And thus far, not too shabby! https://t.co/tpCbe0WP97",2019-07-11 17:41 +0000,81,0,0,0,0,0,0,0,0,0,0,0,0,0,0,0,0,0,-,-,-,-,-,-,-,-,-,-,-,-,-,-,-,-,-,-
1.14936E+18,https://twitter.com/SuddenlyZen/status/1149364043666219009,@_carrienet_ When I am on the struggle bus... sometimes I just need someone to ride with me for a few stops.  Listen to WHY I am hurting.  And maybe acknowledge my feelings as legitimate.  Only then am I ready to focus on getting my life together. https:/,2019-07-11 17:05 +0000,36,4,0.111111111,0,0,1,0,0,0,3,0,0,0,0,0,0,0,0,-,-,-,-,-,-,-,-,-,-,-,-,-,-,-,-,-,-
1.14936E+18,https://twitter.com/SuddenlyZen/status/1149363527917826049,"Because not all wounds are on the outside.  ""Get over it"" may make sense if you are feeling emotionally balanced.  But when depressed... all I can see is my depression.  I don't need people telling me what to do or how to feel... https://t.co/dtOtLAro48",2019-07-11 17:03 +0000,95,2,0.021052632,0,0,2,0,0,0,0,0,0,0,0,0,0,0,0,-,-,-,-,-,-,-,-,-,-,-,-,-,-,-,-,-,-
1.14932E+18,https://twitter.com/SuddenlyZen/status/1149319428120576001,Amen to this one.  Imagine being locked in a prison for 37 years and one day realizing that you were your own jailor. That happened to me. https://t.co/JYWbHeQrEV,2019-07-11 14:07 +0000,52,0,0,0,0,0,0,0,0,0,0,0,0,0,0,0,0,0,-,-,-,-,-,-,-,-,-,-,-,-,-,-,-,-,-,-
1.1491E+18,https://twitter.com/SuddenlyZen/status/1149099030481260544,"Yeah.  Definitely worth visiting.  But if you are looking for some place to live, I hear Utah is nice! https://t.co/CcrW2wXCkF",2019-07-10 23:32 +0000,71,1,0.014084507,0,0,1,0,0,0,0,0,0,0,0,0,0,0,0,-,-,-,-,-,-,-,-,-,-,-,-,-,-,-,-,-,-
1.14904E+18,https://twitter.com/SuddenlyZen/status/1149040324825604097,"@twitterdev I am taking a class in the programming language R.  It's really interesting.  Can you please approve my application?  I need it for my capstone project.

Thanks!",2019-07-10 19:38 +0000,28,0,0,0,0,0,0,0,0,0,0,0,0,0,0,0,0,0,-,-,-,-,-,-,-,-,-,-,-,-,-,-,-,-,-,-
1.14904E+18,https://twitter.com/SuddenlyZen/status/1149037809077907456,@TEDTalks @RickDoblin I did something very similar to this.  And I think it worked.  Maybe one of you are interested in my story. https://t.co/P994qoZkhr,2019-07-10 19:28 +0000,41,0,0,0,0,0,0,0,0,0,0,0,0,0,0,0,0,0,-,-,-,-,-,-,-,-,-,-,-,-,-,-,-,-,-,-
1.14877E+18,https://twitter.com/SuddenlyZen/status/1148772166256586752,@elikasadeghi That sounds like an amazing life hack! I want to try that!!!,2019-07-10 01:53 +0000,94,1,0.010638298,0,0,0,1,0,0,0,0,0,0,0,0,0,0,0,-,-,-,-,-,-,-,-,-,-,-,-,-,-,-,-,-,-
1.14877E+18,https://twitter.com/SuddenlyZen/status/1148771916657786880,@PearlsFromMyrna Dang it. I totally forgot that a navy seal can eat fish. And I bet they have actual seals in the navy. And they both are mammals. Crap.,2019-07-10 01:52 +0000,74,2,0.027027027,0,0,2,0,0,0,0,0,0,0,0,0,0,0,0,-,-,-,-,-,-,-,-,-,-,-,-,-,-,-,-,-,-
1.14877E+18,https://twitter.com/SuddenlyZen/status/1148771466038538240,@PearlsFromMyrna Oh... someone told me that you were ironic. But I don’t think they knew what you were saying. I think you are just funny.,2019-07-10 01:50 +0000,57,0,0,0,0,0,0,0,0,0,0,0,0,0,0,0,0,0,-,-,-,-,-,-,-,-,-,-,-,-,-,-,-,-,-,-
1.14877E+18,https://twitter.com/SuddenlyZen/status/1148771109002608640,@PearlsFromMyrna And what if I couldn’t afford a good house keeping seal. What if I only had money for a so-so housekeeping seal?,2019-07-10 01:49 +0000,74,2,0.027027027,0,0,2,0,0,0,0,0,0,0,0,0,0,0,0,-,-,-,-,-,-,-,-,-,-,-,-,-,-,-,-,-,-
1.14877E+18,https://twitter.com/SuddenlyZen/status/1148770664850944000,@PearlsFromMyrna Wait a minute... are we on the same page? Because I meant a seal that can clean my house. Probably a regular seal that eats fish. Not like a Navy Seal.,2019-07-10 01:47 +0000,116,5,0.043103448,1,1,2,0,0,0,1,0,0,0,0,0,0,0,0,-,-,-,-,-,-,-,-,-,-,-,-,-,-,-,-,-,-
1.14877E+18,https://twitter.com/SuddenlyZen/status/1148770082895482880,I love it! That’s a great idea! I get bored sometimes and that seems like a fun game. https://t.co/R2H7kkT7GV,2019-07-10 01:45 +0000,49,1,0.020408163,0,0,1,0,0,0,0,0,0,0,0,0,0,0,0,-,-,-,-,-,-,-,-,-,-,-,-,-,-,-,-,-,-
1.14877E+18,https://twitter.com/SuddenlyZen/status/1148769639565914112,"Fire Fighting school. I lost a crap ton in weight. Only it wasn’t poop... it was sweat. So, yeah. It’s kinda like a sauna. Me too! https://t.co/85xSn4gb2A",2019-07-10 01:43 +0000,67,0,0,0,0,0,0,0,0,0,0,0,0,0,0,0,0,0,-,-,-,-,-,-,-,-,-,-,-,-,-,-,-,-,-,-
1.14877E+18,https://twitter.com/SuddenlyZen/status/1148769160542875648,"Bwahahahaha... Oh, Faux Pelini. I see what you did there. https://t.co/4Z3VdcwQ0l",2019-07-10 01:41 +0000,73,2,0.02739726,0,0,1,1,0,0,0,0,0,0,0,0,0,0,0,-,-,-,-,-,-,-,-,-,-,-,-,-,-,-,-,-,-
1.14877E+18,https://twitter.com/SuddenlyZen/status/1148768688222289920,This is beautiful. https://t.co/jAJVa7jmL7,2019-07-10 01:39 +0000,40,1,0.025,0,0,1,0,0,0,0,0,0,0,0,0,0,0,0,-,-,-,-,-,-,-,-,-,-,-,-,-,-,-,-,-,-
1.14871E+18,https://twitter.com/SuddenlyZen/status/1148709541070065664,"@Chas10Buttigieg I would like to apply to your campaign.  I am a really good analyst.   I am a veteran.  I believe in LGBTQ rights.  I believe that your husband has a good chance of winning.  I just need someone to believe in me.  

Will you follow me and",2019-07-09 21:44 +0000,21,1,0.047619048,0,0,0,1,0,0,0,0,0,0,0,0,0,0,0,-,-,-,-,-,-,-,-,-,-,-,-,-,-,-,-,-,-
1.14821E+18,https://twitter.com/SuddenlyZen/status/1148209404359004160,I also request to hold all rights to the photo of Scout posted on.  As I know how that picture happened.  You see...,2019-07-08 12:37 +0000,58,0,0,0,0,0,0,0,0,0,0,0,0,0,0,0,0,0,-,-,-,-,-,-,-,-,-,-,-,-,-,-,-,-,-,-
1.1482E+18,https://twitter.com/SuddenlyZen/status/1148198298106261504,"Twitter, I have decided to take ownership of my brain! 

#RebelBoldly
#TrustMyself
#BreakingNews

#SuddenlyZen",2019-07-08 11:53 +0000,82,0,0,0,0,0,0,0,0,0,0,0,0,0,0,0,0,0,-,-,-,-,-,-,-,-,-,-,-,-,-,-,-,-,-,-
1.14817E+18,https://twitter.com/SuddenlyZen/status/1148166614434500608,"@greeleygov @GreeleyTribune @GreeleyFire Hey, Greeley Colorado!  Things look amazing out there.  I wouldn't mind moving to Greeley.  It reminds me of Chicago.  My home town.  I also liked FoCo.  @fortcollinsgov 
Also:  @SuddenlyZen This is Scout https://t",2019-07-08 09:47 +0000,108,3,0.027777778,0,1,1,0,0,0,1,0,0,0,0,0,0,0,0,-,-,-,-,-,-,-,-,-,-,-,-,-,-,-,-,-,-
1.14816E+18,https://twitter.com/SuddenlyZen/status/1148162079834034176,But I am willing to try.  And that has to count for something. https://t.co/yr7oZAarpQ,2019-07-08 09:29 +0000,73,0,0,0,0,0,0,0,0,0,0,0,0,0,0,0,0,0,-,-,-,-,-,-,-,-,-,-,-,-,-,-,-,-,-,-
1.14816E+18,https://twitter.com/SuddenlyZen/status/1148161882886328320,"@JasonKander @dianakander My future wife told me to check out your twitter feed.  And I listened.  And I trusted.  And I don't really know what that means... to trust.  To trust myself.  To trust my service dog, Scout.",2019-07-08 09:28 +0000,78,1,0.012820513,0,0,0,1,0,0,0,0,0,0,0,0,0,0,0,-,-,-,-,-,-,-,-,-,-,-,-,-,-,-,-,-,-
1.14816E+18,https://twitter.com/SuddenlyZen/status/1148161483756298242,@JasonKander Because I wanted to see my son.  I haven't seen him in years.  And I gave up and decided to face all of my fears... and show the world that I am a safe and loving dad.  I was willing to embarrass myself to a nation to be with my son.,2019-07-08 09:26 +0000,53,0,0,0,0,0,0,0,0,0,0,0,0,0,0,0,0,0,-,-,-,-,-,-,-,-,-,-,-,-,-,-,-,-,-,-
1.14816E+18,https://twitter.com/SuddenlyZen/status/1148160975750619136,@JasonKander I really appreciate you working with me.  I made a decision.  I chose to live.  I chose to begin the healing process.  And I did it in the most embarrassing way possible.  I chose to document what recovery looked like on Twitter.,2019-07-08 09:24 +0000,171,0,0,0,0,0,0,0,0,0,0,0,0,0,0,0,0,0,-,-,-,-,-,-,-,-,-,-,-,-,-,-,-,-,-,-
1.14816E+18,https://twitter.com/SuddenlyZen/status/1148157405198372864,"@potus @POTUSPressPool @RoguePOTUSStaff @realDonaldTrump Hang in there.  Leading an entire country is a pretty big job.  Scout and I are praying for you.

P.S. Have you seen my dog Scout, yet?",2019-07-08 09:10 +0000,52,0,0,0,0,0,0,0,0,0,0,0,0,0,0,0,0,0,-,-,-,-,-,-,-,-,-,-,-,-,-,-,-,-,-,-
1.14816E+18,https://twitter.com/SuddenlyZen/status/1148155660422377472,"@Chas10Buttigieg don't know how to send a DM.  So could you please send one to me first.  That would help a lot.

Also, your husband @PeteButtigieg is doing a great job talking about difficult subjects.  I admire you two.

Good Night.",2019-07-08 09:03 +0000,100,1,0.01,0,0,0,1,0,0,0,0,0,0,0,0,0,0,0,-,-,-,-,-,-,-,-,-,-,-,-,-,-,-,-,-,-
1.14815E+18,https://twitter.com/SuddenlyZen/status/1148153066148864001,"Also, I totally call dibs on the phrase ""Suddenly Zen"" because I have had this account for years and I tried to google it.  Doesn't exist.  

Trade Mark is pending as I intend to register it.  Yeah.  Suddenly Zen.  That is me!",2019-07-08 08:53 +0000,118,0,0,0,0,0,0,0,0,0,0,0,0,0,0,0,0,0,-,-,-,-,-,-,-,-,-,-,-,-,-,-,-,-,-,-
1.14815E+18,https://twitter.com/SuddenlyZen/status/1148147503348322304,"@Chas10Buttigieg Good Morning!  I am kinda nervous, but I wanted to reach out to you.  I think I am going to be bold and apply to your husband's campaign (@PeteButtigieg).  Please tell him to look for it.  Thanks.",2019-07-08 08:31 +0000,94,0,0,0,0,0,0,0,0,0,0,0,0,0,0,0,0,0,-,-,-,-,-,-,-,-,-,-,-,-,-,-,-,-,-,-
1.14716E+18,https://twitter.com/SuddenlyZen/status/1147157892442681346,"Miracle Max the Wizard: Whoo-hoo-hoo, look who knows so much. It just so happens that your friend here is only MOSTLY dead. There's a big difference between mostly dead and all dead. Mostly dead is slightly alive. 

From The Princess Bride",2019-07-05 14:58 +0000,104,0,0,0,0,0,0,0,0,0,0,0,0,0,0,0,0,0,-,-,-,-,-,-,-,-,-,-,-,-,-,-,-,-,-,-
1.1471E+18,https://twitter.com/SuddenlyZen/status/1147099720247943169,"Good Morning, Twitter!  After spending 3 days in the hospital, I was released yesterday afternoon.

I came home to a letter saying that my housing has been terminated.  That's pretty frustrating.  But I am still grateful.",2019-07-05 11:07 +0000,116,0,0,0,0,0,0,0,0,0,0,0,0,0,0,0,0,0,-,-,-,-,-,-,-,-,-,-,-,-,-,-,-,-,-,-
